{
  "RIAGENDR": 1.5062344139650872,
  "RIDAGEYR": 31.201163757273484,
  "RIDRETH3": 2.8079800498753116,
  "RIDEXMON": 1.4804655029093932,
  "DMDBORN4": 1.2992518703241895,
  "DMDEDUC2": 3.5770583488085217,
  "DMDMARTZ": 1.8344267538199042,
  "SIALANG": 1.1288445552784705,
  "FIALANG": 1.132210149122254,
  "MIALANG": 1.110583604110768,
  "AIALANGA": 1.1249232790867658,
  "INDFMPIR": 2.322666317496796,
  "LBXSATSI": 2.973773547414302,
  "LBXSAL": 4.088801173485567,
  "LBXSAPSI": 4.270951574459645,
  "LBXSASSI": 3.0154897313028832,
  "LBXSC3SI": 25.233911262696125,
  "LBXSBU": 12.705122220490441,
  "LBXSCLSI": 101.99808956572497,
  "LBXSCK": 4.921955863139601,
  "LBXSCR": 0.6014210090632992,
  "LBXSGB": 3.0891769404613467,
  "LBXSGTSI": 3.0764022990315416,
  "LBXSIR": 86.89447529784337,
  "LBXSLDSI": 151.3056514220401,
  "LBXSOSSI": 280.3477269391625,
  "LBXSPH": 3.5246263321189213,
  "LBXSKSI": 4.088028574001254,
  "LBXSNASI": 140.57445385517633,
  "LBXSTB": 0.4633572677943323,
  "LBXSCA": 9.231234474848037,
  "LBXSCH": 174.48179483638944,
  "LBXSTP": 7.177998858241766,
  "LBXSUA": 5.23074459684123,
  "LBXWBCSI": 6.768079800498752,
  "LBXLYPCT": 32.76616791354946,
  "LBXMOPCT": 8.061346633416457,
  "LBXNEPCT": 55.812385702410644,
  "LBXEOPCT": 2.720532003325021,
  "LBXBAPCT": 0.7677472984206153,
  "LBDLYMNO": 2.1443890274314215,
  "LBDMONO": 0.5324189526184538,
  "LBDNENO": 3.8694098088113043,
  "LBDEONO": 0.1824605153782211,
  "LBDBANO": 0.04430590191188695,
  "LBXRBCSI": 4.832635078969243,
  "LBXHGB": 14.143474646716541,
  "LBXHCT": 42.11862011637572,
  "LBXMCVSI": 87.3412302576891,
  "LBXMC": 33.53441396508728,
  "LBXMCHSI": 29.311471321695755,
  "LBXRDW": 13.742310889443058,
  "LBXPLTSI": 252.13216957605988,
  "LBXMPSI": 8.336575228595178,
  "LBXNRBC": 0.07251085157203674,
  "DR1EXMER": 72.71906901828334,
  "DR1DBIH": 12.930244925007624,
  "DR1DAY": 5.064605166391188,
  "DBQ095Z": 4.678304239401497,
  "DBD100": 1.670026282753944,
  "DRQSPREP": 3.298420615128845,
  "DR1TNUMF": 2.5967513337933967,
  "DR1TKCAL": 7.52606916811838,
  "DR1TPROT": 4.206870902682365,
  "DR1TCARB": 5.36066944676476,
  "DR1TSUGR": 4.39251334611811,
  "DR1TFIBE": 2.5698130870169424,
  "DR1TTFAT": 4.302562789013118,
  "DR1TSFAT": 3.237546369989053,
  "DR1TMFAT": 3.253525911230775,
  "DR1TPFAT": 2.865565246400121,
  "DR1TCHOL": 5.3290686933532045,
  "DR1TATOC": 2.1047395398550637,
  "DR1TRET": 5.315447675276238,
  "DR1TVARA": 5.743688305530384,
  "DR1TACAR": 3.3373690952736093,
  "DR1TBCAR": 6.33534394158532,
  "DR1TCRYP": 3.0459211893104374,
  "DR1TLYCO": 5.949412385143305,
  "DR1TLZ": 6.208045230541604,
  "DR1TVB1": 0.8862017326787546,
  "DR1TVB2": 1.0122310195485835,
  "DR1TNIAC": 3.1390393999105375,
  "DR1TVB6": 1.0384590747430236,
  "DR1TFOLA": 5.5679684284163065,
  "DR1TFA": 4.561660086340895,
  "DR1TFF": 4.964437483722144,
  "DR1TFDFE": 5.879931515920796,
  "DR1TCHL": 5.512835421879114,
  "DR1TVB12": 1.5093728713578012,
  "DR1TB12A": 0.3133232556867337,
  "DR1TVC": 3.611383548142821,
  "DR1TVD": 1.2619756008738783,
  "DR1TVK": 4.138255252392127,
  "DR1TCALC": 6.611316283461706,
  "DR1TPHOS": 7.008818352848986,
  "DR1TMAGN": 5.48713397381602,
  "DR1TIRON": 2.527641761255723,
  "DR1TZINC": 2.299094104842187,
  "DR1TCOPP": 0.7130875445567524,
  "DR1TSODI": 8.00091199069562,
  "DR1TPOTA": 7.597247079015132,
  "DR1TSELE": 4.510626943151402,
  "DR1TCAFF": 3.312114552384455,
  "DR1TTHEO": 1.7134665599859926,
  "DR1TALCO": 0.7793180754440712,
  "DR1TMOIS": 7.794749230731019,
  "DR1TS040": 0.35399900687676317,
  "DR1TS060": 0.25701690947133765,
  "DR1TS080": 0.22453375633609526,
  "DR1TS100": 0.3994544914218919,
  "DR1TS120": 0.5799286079172848,
  "DR1TS140": 1.1186828261757398,
  "DR1TS160": 2.665704571784458,
  "DR1TS180": 1.9596006381483833,
  "DR1TM161": 0.7704962839980176,
  "DR1TM181": 3.234171843214633,
  "DR1TM201": 0.2891553291785994,
  "DR1TM221": 0.030115088393941274,
  "DR1TP183": 0.9819897057644187,
  "DR1TP204": 0.1441397777245124,
  "DR1TP225": 0.027046409275032202,
  "DR1TP226": 0.03881853859658485,
  "DR1_320Z": 1465.3410390689942,
  "DR1_330Z": 671.4677389858687,
  "DR1BWATZ": 891.5042227763922,
  "DR1TWSZ": 1.35537660529232,
  "DR2EXMER": 69.30590191188695,
  "DR2DBIH": 22.709459707227182,
  "DR2DAY": 3.3083956774729844,
  "DR2LANG": 1.150856971619507,
  "DR2TNUMF": 2.380516566254745,
  "DR2STY": 1.7539484621778887,
  "DR2TKCAL": 6.665919959262764,
  "DR2TPROT": 3.869004589696214,
  "DR2TCARB": 5.10906086537253,
  "DR2TSUGR": 4.35321649910775,
  "DR2TFIBE": 2.6624931852120386,
  "DR2TTFAT": 3.8165634262774857,
  "DR2TSFAT": 2.8373263433819824,
  "DR2TMFAT": 2.8855248372954723,
  "DR2TPFAT": 2.5554452634888465,
  "DR2TCHOL": 5.2078438485806275,
  "DR2TATOC": 1.9677613378189847,
  "DR2TATOA": 0.3912403103271918,
  "DR2TRET": 5.515890322420098,
  "DR2TVARA": 5.405230285677716,
  "DR2TACAR": 3.724750086316869,
  "DR2TBCAR": 5.709605720238872,
  "DR2TCRYP": 2.822431326840869,
  "DR2TLYCO": 5.695114491567242,
  "DR2TLZ": 5.782262042279381,
  "DR2TVB1": 1.0130190899856475,
  "DR2TVB2": 1.1128131368886467,
  "DR2TNIAC": 2.8248342124990304,
  "DR2TVB6": 1.137132843025714,
  "DR2TFOLA": 5.15995100059296,
  "DR2TFA": 4.0932370442415795,
  "DR2TFF": 4.946392939628252,
  "DR2TFDFE": 5.320466873193308,
  "DR2TCHL": 5.406791020601781,
  "DR2TVB12": 1.4698071021229493,
  "DR2TB12A": 0.6628746541752686,
  "DR2TVC": 3.4017606644266514,
  "DR2TVD": 1.298804161429963,
  "DR2TVK": 3.8573922810778507,
  "DR2TCALC": 6.287534509451461,
  "DR2TPHOS": 6.271571093837553,
  "DR2TMAGN": 5.275160072432471,
  "DR2TIRON": 2.5506785003811556,
  "DR2TZINC": 2.362906479272455,
  "DR2TCOPP": 0.9196707856602557,
  "DR2TSODI": 7.861162048318465,
  "DR2TPOTA": 6.771733540397672,
  "DR2TSELE": 4.091784730001383,
  "DR2TCAFF": 3.4369936974303625,
  "DR2TTHEO": 2.0353199257158883,
  "DR2TMOIS": 7.474159477560353,
  "DR2TS040": 0.49422938374227543,
  "DR2TS060": 0.361766520659077,
  "DR2TS080": 0.34550918222680194,
  "DR2TS100": 0.5189322574463651,
  "DR2TS120": 0.5821876519718366,
  "DR2TS140": 1.2055822949017994,
  "DR2TS160": 2.3549153385489876,
  "DR2TS180": 1.6894597700026701,
  "DR2TM161": 0.7156677708042447,
  "DR2TM181": 2.8295181931787297,
  "DR2TM201": 0.2776073286429846,
  "DR2TP183": 0.8997682971438079,
  "DR2TP204": 0.15051926295953022,
  "DR2_300": 2.374064837905237,
  "DR2_320Z": 2343.36068162926,
  "DR2_330Z": 1917.7147630922693,
  "DR2BWATZ": 889.9726018287614,
  "DR2TWSZ": 1.3566977803445643,
  "PAD680": 5.55133264285924,
  "SLD012": 7.524823015146401,
  "SLD013": 8.527238136887279,
  "SLQ030": 1.7015793848711553,
  "SLQ040": 0.6350789692435578,
  "SLQ050": 1.7689110556940981,
  "SLQ120": 1.944305901911887,
  "DPQ010": 0.3779267470016393,
  "DPQ020": 0.38826247819292975,
  "DPQ030": 0.674452766287072,
  "DPQ040": 0.8008814938188774,
  "DPQ050": 0.4607034104617692,
  "DPQ060": 0.295125961612644,
  "DPQ070": 0.3137745004831894,
  "DPQ080": 0.1831987274916696,
  "DPQ100": 0.34822229659279275,
  "SMQ020": 1.659185369908562,
  "ALQ111": 1.0809725123586102,
  "ALQ121": 5.772304865351322,
  "ALQ130": 3.6048105225279827,
  "ALQ142": 4.801864128531158,
  "ALQ151": 1.921409185707582,
  "ALQ170": 24.09641140665099,
  "BMXWT": 85.9401820005911,
  "BMXHT": 169.06358144933947,
  "BMXBMI": 30.02802860446882,
  "BMXLEG": 40.629927523194254,
  "BMXARML": 37.80939318370739,
  "BMXARMC": 34.22418952618454,
  "BMXHIP": 108.23483922202543,
  "LBDLDL": 104.08666945900127,
  "BPAOCSZ": 3.7090606816292597,
  "BPXOPLS1": 68.91958949608737,
  "BPXOPLS2": 69.72727068426798,
  "total_MET_minutes": 6.999717912971751
}